{
    "precision": 0.7252033415909964,
    "recall": 0.7326543602800764,
    "f1_score": 0.724746934485457
}