{
    "precision": 0.8111006854849221,
    "recall": 0.7845804988662132,
    "f1_score": 0.7874548940731346
}